{
  "schema_version": "1.0",
  "scenario": "throughput-net-tcp-sink",
  "metadata": {
    "started_at": "2026-05-26T06:02:50.130996664+00:00",
    "git_commit": "251397adfbb6911b48ee75f3cf1a4c5d98f42c99",
    "boxlite_version": "0.9.5",
    "host": {
      "kernel": "Linux 6.17.0-1015-aws",
      "arch": "x86_64",
      "cpu_model": "Intel(R) Xeon(R) 6975P-C",
      "cpu_count": 4,
      "mem_total_bytes": 8155172864
    }
  },
  "sample_count": 1,
  "warmup_count": 0,
  "samples": [
    {
      "iteration": 1,
      "warmup": false,
      "wall_ms": 26465.109665,
      "metrics": {
        "net_tcp_bytes": 33554432.0,
        "net_tcp_mb_per_sec": 119.27043956811146,
        "net_tcp_wall_ms": 268.297829
      }
    }
  ],
  "aggregates": [
    {
      "name": "net_tcp_bytes",
      "unit": "bytes",
      "higher_is_better": false,
      "min": 33554432.0,
      "p50": 33554432.0,
      "p90": 33554432.0,
      "p99": 33554432.0,
      "max": 33554432.0,
      "mean": 33554432.0,
      "stdev": 0.0,
      "n": 1
    },
    {
      "name": "net_tcp_mb_per_sec",
      "unit": "per_sec",
      "higher_is_better": true,
      "min": 119.27043956811146,
      "p50": 119.27043956811146,
      "p90": 119.27043956811146,
      "p99": 119.27043956811146,
      "max": 119.27043956811146,
      "mean": 119.27043956811146,
      "stdev": 0.0,
      "n": 1
    },
    {
      "name": "net_tcp_wall_ms",
      "unit": "ms",
      "higher_is_better": false,
      "min": 268.297829,
      "p50": 268.297829,
      "p90": 268.297829,
      "p99": 268.297829,
      "max": 268.297829,
      "mean": 268.297829,
      "stdev": 0.0,
      "n": 1
    },
    {
      "name": "wall_ms",
      "unit": "ms",
      "higher_is_better": false,
      "min": 26465.109665,
      "p50": 26465.109665,
      "p90": 26465.109665,
      "p99": 26465.109665,
      "max": 26465.109665,
      "mean": 26465.109665,
      "stdev": 0.0,
      "n": 1
    }
  ]
}