{
  "schema_version": "1.0",
  "scenario": "throughput-copy-out",
  "metadata": {
    "started_at": "2026-05-26T06:06:03.767739096+00:00",
    "git_commit": "251397adfbb6911b48ee75f3cf1a4c5d98f42c99",
    "boxlite_version": "0.9.5",
    "host": {
      "kernel": "Linux 6.17.0-1015-aws",
      "arch": "x86_64",
      "cpu_model": "Intel(R) Xeon(R) 6975P-C",
      "cpu_count": 4,
      "mem_total_bytes": 8155172864
    }
  },
  "sample_count": 1,
  "warmup_count": 0,
  "samples": [
    {
      "iteration": 1,
      "warmup": false,
      "wall_ms": 18919.122076,
      "metrics": {
        "copy_out_bytes": 67108864.0,
        "copy_out_mb_per_sec": 101.79303290087768,
        "copy_out_ms": 628.726723
      }
    }
  ],
  "aggregates": [
    {
      "name": "copy_out_bytes",
      "unit": "bytes",
      "higher_is_better": false,
      "min": 67108864.0,
      "p50": 67108864.0,
      "p90": 67108864.0,
      "p99": 67108864.0,
      "max": 67108864.0,
      "mean": 67108864.0,
      "stdev": 0.0,
      "n": 1
    },
    {
      "name": "copy_out_mb_per_sec",
      "unit": "per_sec",
      "higher_is_better": true,
      "min": 101.79303290087768,
      "p50": 101.79303290087768,
      "p90": 101.79303290087768,
      "p99": 101.79303290087768,
      "max": 101.79303290087768,
      "mean": 101.79303290087768,
      "stdev": 0.0,
      "n": 1
    },
    {
      "name": "copy_out_ms",
      "unit": "ms",
      "higher_is_better": false,
      "min": 628.726723,
      "p50": 628.726723,
      "p90": 628.726723,
      "p99": 628.726723,
      "max": 628.726723,
      "mean": 628.726723,
      "stdev": 0.0,
      "n": 1
    },
    {
      "name": "wall_ms",
      "unit": "ms",
      "higher_is_better": false,
      "min": 18919.122076,
      "p50": 18919.122076,
      "p90": 18919.122076,
      "p99": 18919.122076,
      "max": 18919.122076,
      "mean": 18919.122076,
      "stdev": 0.0,
      "n": 1
    }
  ]
}